experiment_name,__run_id,__done,repetition,sampling,execution_time_ms,cpu_usage_percent,memory_usage_mb,cpu_energy_j
matrix_chain_order_object_experiment,run_0_repetition_0,DONE,1,200,5665.349,7.375,2945.177,63.446
matrix_chain_order_object_experiment,run_1_repetition_0,DONE,2,200,5615.964,6.757,2920.825,62.751
matrix_chain_order_object_experiment,run_2_repetition_0,DONE,3,200,5631.394,6.704,2909.778,65.999
matrix_chain_order_object_experiment,run_3_repetition_0,DONE,4,200,5613.072,6.707,2893.873,65.122
matrix_chain_order_object_experiment,run_4_repetition_0,DONE,5,200,5623.146,6.59,2891.908,62.471
matrix_chain_order_object_experiment,run_5_repetition_0,DONE,6,200,5590.973,6.446,2896.782,61.983
matrix_chain_order_object_experiment,run_6_repetition_0,DONE,7,200,5726.124,6.468,2901.15,65.937
matrix_chain_order_object_experiment,run_7_repetition_0,DONE,8,200,5661.627,6.708,2903.325,65.795
matrix_chain_order_object_experiment,run_8_repetition_0,DONE,9,200,5730.736,6.831,2889.862,61.586
matrix_chain_order_object_experiment,run_9_repetition_0,DONE,10,200,5660.358,6.86,2903.327,65.668
dijkstra_multi_experiment,run_0_repetition_0,DONE,1,200,9163.479,7.44,2837.0,88.807
dijkstra_multi_experiment,run_1_repetition_0,DONE,2,200,9063.395,7.177,2831.25,85.778
dijkstra_multi_experiment,run_2_repetition_0,DONE,3,200,8982.477,6.894,2822.33,84.558
dijkstra_multi_experiment,run_3_repetition_0,DONE,4,200,9245.033,7.267,2828.263,85.928
dijkstra_multi_experiment,run_4_repetition_0,DONE,5,200,9003.237,7.126,2832.147,85.382
dijkstra_multi_experiment,run_5_repetition_0,DONE,6,200,9055.317,7.08,2836.073,85.048
dijkstra_multi_experiment,run_6_repetition_0,DONE,7,200,9267.208,7.306,2833.578,85.942
dijkstra_multi_experiment,run_7_repetition_0,DONE,8,200,9034.102,7.229,2823.983,86.38
dijkstra_multi_experiment,run_8_repetition_0,DONE,9,200,8857.472,7.195,2827.699,85.42
dijkstra_multi_experiment,run_9_repetition_0,DONE,10,200,9344.748,8.12,2822.384,91.715
longest_common_subsequence_function_experiment,run_0_repetition_0,DONE,1,200,2503.887,7.872,3167.789,31.488
longest_common_subsequence_function_experiment,run_1_repetition_0,DONE,2,200,2445.019,6.776,3169.857,29.906
longest_common_subsequence_function_experiment,run_2_repetition_0,DONE,3,200,2474.266,6.833,3150.64,30.105
longest_common_subsequence_function_experiment,run_3_repetition_0,DONE,4,200,2445.855,6.962,3184.5,30.711
longest_common_subsequence_function_experiment,run_4_repetition_0,DONE,5,200,2452.273,6.804,3161.711,31.252
longest_common_subsequence_function_experiment,run_5_repetition_0,DONE,6,200,2443.718,6.809,3173.527,30.288
longest_common_subsequence_function_experiment,run_6_repetition_0,DONE,7,200,2473.358,7.139,3155.277,29.987
longest_common_subsequence_function_experiment,run_7_repetition_0,DONE,8,200,2473.63,6.807,3232.683,29.821
longest_common_subsequence_function_experiment,run_8_repetition_0,DONE,9,200,2477.714,6.928,3304.273,30.744
longest_common_subsequence_function_experiment,run_9_repetition_0,DONE,10,200,2489.85,7.188,3304.316,30.044
longest_common_subsequence_object_experiment,run_0_repetition_0,DONE,1,200,2333.515,8.039,3103.64,31.138
longest_common_subsequence_object_experiment,run_1_repetition_0,DONE,2,200,2344.643,8.695,3033.465,29.657
longest_common_subsequence_object_experiment,run_2_repetition_0,DONE,3,200,2350.991,6.271,2987.073,27.748
longest_common_subsequence_object_experiment,run_3_repetition_0,DONE,4,200,2327.497,6.894,2960.696,27.871
longest_common_subsequence_object_experiment,run_4_repetition_0,DONE,5,200,2335.405,6.782,2949.655,27.438
longest_common_subsequence_object_experiment,run_5_repetition_0,DONE,6,200,2343.103,7.266,2944.384,27.117
longest_common_subsequence_object_experiment,run_6_repetition_0,DONE,7,200,2326.927,7.425,2938.545,28.189
longest_common_subsequence_object_experiment,run_7_repetition_0,DONE,8,200,2339.794,6.358,2932.576,27.441
longest_common_subsequence_object_experiment,run_8_repetition_0,DONE,9,200,2321.846,6.751,2926.83,27.243
longest_common_subsequence_object_experiment,run_9_repetition_0,DONE,10,200,2344.045,6.978,2919.364,28.172
floyd_multi_experiment,run_0_repetition_0,DONE,1,200,27405.049,47.294,2966.581,565.089
floyd_multi_experiment,run_1_repetition_0,DONE,2,200,27833.511,47.055,2997.133,565.037
floyd_multi_experiment,run_2_repetition_0,DONE,3,200,27870.59,47.004,3008.08,565.832
floyd_multi_experiment,run_3_repetition_0,DONE,4,200,27737.981,47.805,3012.515,562.592
floyd_multi_experiment,run_4_repetition_0,DONE,5,200,28005.89,47.123,2995.903,568.489
floyd_multi_experiment,run_5_repetition_0,DONE,6,200,27833.09,47.179,2990.829,565.206
floyd_multi_experiment,run_6_repetition_0,DONE,7,200,27884.768,47.064,3006.034,565.706
floyd_multi_experiment,run_7_repetition_0,DONE,8,200,27966.737,47.425,3004.6,568.469
floyd_multi_experiment,run_8_repetition_0,DONE,9,200,27927.638,47.179,2993.811,566.87
floyd_multi_experiment,run_9_repetition_0,DONE,10,200,27830.009,47.118,3017.392,563.968
matrix_chain_multiplication_mixed_experiment,run_0_repetition_0,DONE,1,200,121.204,21.3,2961.907,11.441
matrix_chain_multiplication_mixed_experiment,run_1_repetition_0,DONE,2,200,119.487,16.115,2956.282,10.157
matrix_chain_multiplication_mixed_experiment,run_2_repetition_0,DONE,3,200,120.147,17.742,2964.551,10.222
matrix_chain_multiplication_mixed_experiment,run_3_repetition_0,DONE,4,200,120.513,17.807,2941.91,11.265
matrix_chain_multiplication_mixed_experiment,run_4_repetition_0,DONE,5,200,120.272,18.538,2911.899,10.298
matrix_chain_multiplication_mixed_experiment,run_5_repetition_0,DONE,6,200,120.29,17.671,2913.695,10.143
matrix_chain_multiplication_mixed_experiment,run_6_repetition_0,DONE,7,200,121.738,18.477,2914.066,10.673
matrix_chain_multiplication_mixed_experiment,run_7_repetition_0,DONE,8,200,122.463,17.771,2892.134,10.068
matrix_chain_multiplication_mixed_experiment,run_8_repetition_0,DONE,9,200,119.943,18.076,2893.649,10.29
matrix_chain_multiplication_mixed_experiment,run_9_repetition_0,DONE,10,200,121.853,17.904,2925.007,10.123
fibonacci_object_experiment,run_0_repetition_0,DONE,1,200,29515.216,7.204,2925.709,305.762
fibonacci_object_experiment,run_1_repetition_0,DONE,2,200,29333.839,6.983,2917.754,306.987
fibonacci_object_experiment,run_2_repetition_0,DONE,3,200,29428.846,7.067,2914.779,303.31
fibonacci_object_experiment,run_3_repetition_0,DONE,4,200,29378.193,6.922,2916.2,304.105
fibonacci_object_experiment,run_4_repetition_0,DONE,5,200,29510.259,6.943,2918.296,299.159
fibonacci_object_experiment,run_5_repetition_0,DONE,6,200,29299.894,6.968,2904.604,306.365
fibonacci_object_experiment,run_6_repetition_0,DONE,7,200,29613.068,7.143,2908.712,299.139
fibonacci_object_experiment,run_7_repetition_0,DONE,8,200,29501.776,6.954,2916.119,300.893
fibonacci_object_experiment,run_8_repetition_0,DONE,9,200,29279.54,7.091,2914.582,305.975
fibonacci_object_experiment,run_9_repetition_0,DONE,10,200,29488.686,7.139,2916.708,305.15
matrix_chain_multiplication_function_experiment,run_0_repetition_0,DONE,1,200,11001.603,6.869,2950.605,259.106
matrix_chain_multiplication_function_experiment,run_1_repetition_0,DONE,2,200,11171.224,6.687,2945.617,255.146
matrix_chain_multiplication_function_experiment,run_2_repetition_0,DONE,3,200,11257.622,6.822,2942.835,257.827
matrix_chain_multiplication_function_experiment,run_3_repetition_0,DONE,4,200,11537.726,6.713,2945.449,263.009
matrix_chain_multiplication_function_experiment,run_4_repetition_0,DONE,5,200,11232.246,6.722,2938.287,252.939
matrix_chain_multiplication_function_experiment,run_5_repetition_0,DONE,6,200,11126.357,6.814,2934.299,260.644
matrix_chain_multiplication_function_experiment,run_6_repetition_0,DONE,7,200,11062.099,7.243,2947.179,265.503
matrix_chain_multiplication_function_experiment,run_7_repetition_0,DONE,8,200,11333.219,6.78,2944.635,253.829
matrix_chain_multiplication_function_experiment,run_8_repetition_0,DONE,9,200,11112.662,6.86,2946.031,257.118
matrix_chain_multiplication_function_experiment,run_9_repetition_0,DONE,10,200,11171.085,6.794,2948.685,259.101
knapsack_native_function_experiment,run_0_repetition_0,DONE,1,200,0.017,21.166,3002.23,8.526
knapsack_native_function_experiment,run_1_repetition_0,DONE,2,200,0.017,20.7,3061.552,8.37
knapsack_native_function_experiment,run_2_repetition_0,DONE,3,200,0.017,20.955,3046.769,8.439
knapsack_native_function_experiment,run_3_repetition_0,DONE,4,200,0.017,20.643,3115.596,7.954
knapsack_native_function_experiment,run_4_repetition_0,DONE,5,200,0.017,20.241,3156.534,8.028
knapsack_native_function_experiment,run_5_repetition_0,DONE,6,200,0.076,20.818,3166.416,7.968
knapsack_native_function_experiment,run_6_repetition_0,DONE,7,200,0.017,20.608,3173.074,7.965
knapsack_native_function_experiment,run_7_repetition_0,DONE,8,200,0.018,33.939,3172.94,8.017
knapsack_native_function_experiment,run_8_repetition_0,DONE,9,200,0.017,20.946,3238.311,8.099
knapsack_native_function_experiment,run_9_repetition_0,DONE,10,200,0.016,20.485,3230.309,7.994
floyd_mixed_experiment,run_0_repetition_0,DONE,1,200,99.517,19.072,2938.277,10.94
floyd_mixed_experiment,run_1_repetition_0,DONE,2,200,99.437,19.359,2955.508,10.855
floyd_mixed_experiment,run_2_repetition_0,DONE,3,200,100.579,18.188,2938.078,10.137
floyd_mixed_experiment,run_3_repetition_0,DONE,4,200,100.345,30.042,2927.012,10.547
floyd_mixed_experiment,run_4_repetition_0,DONE,5,200,99.608,16.936,2925.413,10.29
floyd_mixed_experiment,run_5_repetition_0,DONE,6,200,99.586,17.801,2944.28,9.896
floyd_mixed_experiment,run_6_repetition_0,DONE,7,200,99.688,18.11,2931.306,10.061
floyd_mixed_experiment,run_7_repetition_0,DONE,8,200,99.777,17.789,2970.346,10.26
floyd_mixed_experiment,run_8_repetition_0,DONE,9,200,99.555,18.29,2967.628,10.639
floyd_mixed_experiment,run_9_repetition_0,DONE,10,200,100.645,30.056,2996.967,10.054
knapsack_other_experiment,run_0_repetition_0,DONE,1,200,14.404,20.973,2901.284,3.537
knapsack_other_experiment,run_1_repetition_0,DONE,2,200,12.961,20.795,2903.975,3.26
knapsack_other_experiment,run_2_repetition_0,DONE,3,200,13.141,20.301,2907.158,3.447
knapsack_other_experiment,run_3_repetition_0,DONE,4,200,13.108,19.7,2906.014,3.195
knapsack_other_experiment,run_4_repetition_0,DONE,5,200,12.857,18.373,2907.208,3.27
knapsack_other_experiment,run_5_repetition_0,DONE,6,200,14.737,22.918,2917.704,3.24
knapsack_other_experiment,run_6_repetition_0,DONE,7,200,16.531,20.586,2925.444,3.374
knapsack_other_experiment,run_7_repetition_0,DONE,8,200,13.299,18.248,2935.022,3.329
knapsack_other_experiment,run_8_repetition_0,DONE,9,200,18.496,23.926,2925.211,3.748
knapsack_other_experiment,run_9_repetition_0,DONE,10,200,12.992,20.478,2916.206,3.422
longest_common_subsequence_mixed_experiment,run_0_repetition_0,DONE,1,200,479.978,13.93,2991.418,19.299
longest_common_subsequence_mixed_experiment,run_1_repetition_0,DONE,2,200,471.793,14.096,3023.055,16.411
longest_common_subsequence_mixed_experiment,run_2_repetition_0,DONE,3,200,472.785,13.973,2999.149,16.688
longest_common_subsequence_mixed_experiment,run_3_repetition_0,DONE,4,200,476.014,12.977,2978.263,16.367
longest_common_subsequence_mixed_experiment,run_4_repetition_0,DONE,5,200,477.317,12.599,2978.644,16.14
longest_common_subsequence_mixed_experiment,run_5_repetition_0,DONE,6,200,464.151,12.863,3022.982,16.518
longest_common_subsequence_mixed_experiment,run_6_repetition_0,DONE,7,200,475.628,13.668,3005.9,16.261
longest_common_subsequence_mixed_experiment,run_7_repetition_0,DONE,8,200,464.661,13.69,3012.194,16.151
longest_common_subsequence_mixed_experiment,run_8_repetition_0,DONE,9,200,477.803,13.687,2998.824,16.502
longest_common_subsequence_mixed_experiment,run_9_repetition_0,DONE,10,200,476.341,14.195,3002.515,16.642
knapsack_native_experiment,run_0_repetition_0,DONE,1,200,13.069,18.843,3117.698,7.9
knapsack_native_experiment,run_1_repetition_0,DONE,2,200,12.978,20.461,3049.955,8.183
knapsack_native_experiment,run_2_repetition_0,DONE,3,200,12.978,34.331,3023.655,8.273
knapsack_native_experiment,run_3_repetition_0,DONE,4,200,12.965,21.027,3005.477,8.164
knapsack_native_experiment,run_4_repetition_0,DONE,5,200,13.068,21.116,2986.211,8.3
knapsack_native_experiment,run_5_repetition_0,DONE,6,200,12.994,18.879,2997.009,8.158
knapsack_native_experiment,run_6_repetition_0,DONE,7,200,13.049,33.986,2984.524,8.531
knapsack_native_experiment,run_7_repetition_0,DONE,8,200,12.963,19.787,3000.191,8.321
knapsack_native_experiment,run_8_repetition_0,DONE,9,200,13.019,20.708,2983.698,8.323
knapsack_native_experiment,run_9_repetition_0,DONE,10,200,13.511,34.592,2975.674,8.367
dijkstra_other_experiment,run_0_repetition_0,DONE,1,200,1391.771,70.487,2868.262,36.837
dijkstra_other_experiment,run_1_repetition_0,DONE,2,200,1361.232,70.651,2860.129,36.115
dijkstra_other_experiment,run_2_repetition_0,DONE,3,200,1364.59,78.787,2853.082,36.316
dijkstra_other_experiment,run_3_repetition_0,DONE,4,200,1362.594,70.262,2854.676,36.41
dijkstra_other_experiment,run_4_repetition_0,DONE,5,200,1358.394,78.475,2850.715,36.743
dijkstra_other_experiment,run_5_repetition_0,DONE,6,200,1361.243,69.912,2852.932,36.193
dijkstra_other_experiment,run_6_repetition_0,DONE,7,200,1376.65,78.213,2863.862,36.371
dijkstra_other_experiment,run_7_repetition_0,DONE,8,200,1360.943,70.345,2864.67,36.341
dijkstra_other_experiment,run_8_repetition_0,DONE,9,200,1351.867,78.786,2863.813,35.934
dijkstra_other_experiment,run_9_repetition_0,DONE,10,200,1369.481,77.965,2863.594,36.277
floyd_origin_experiment,run_0_repetition_0,DONE,1,200,3706.32,7.99,2874.963,46.706
floyd_origin_experiment,run_1_repetition_0,DONE,2,200,3690.187,7.093,2859.851,44.563
floyd_origin_experiment,run_2_repetition_0,DONE,3,200,3718.81,6.876,2857.204,44.307
floyd_origin_experiment,run_3_repetition_0,DONE,4,200,3683.001,6.861,2857.868,42.465
floyd_origin_experiment,run_4_repetition_0,DONE,5,200,3830.991,7.124,2853.571,43.45
floyd_origin_experiment,run_5_repetition_0,DONE,6,200,3701.043,6.958,2845.906,44.803
floyd_origin_experiment,run_6_repetition_0,DONE,7,200,3743.32,7.179,2850.822,48.55
floyd_origin_experiment,run_7_repetition_0,DONE,8,200,3691.254,6.727,2869.255,44.684
floyd_origin_experiment,run_8_repetition_0,DONE,9,200,3695.724,6.477,2879.139,44.265
floyd_origin_experiment,run_9_repetition_0,DONE,10,200,3688.994,6.906,2871.091,44.378
fibonacci_other_experiment,run_0_repetition_0,DONE,1,200,2801.728,11.056,2931.86,35.018
fibonacci_other_experiment,run_1_repetition_0,DONE,2,200,2764.503,10.267,2924.407,31.852
fibonacci_other_experiment,run_2_repetition_0,DONE,3,200,2766.958,10.523,2927.265,32.502
fibonacci_other_experiment,run_3_repetition_0,DONE,4,200,2744.141,14.334,2937.645,33.589
fibonacci_other_experiment,run_4_repetition_0,DONE,5,200,2767.97,10.635,2930.841,32.424
fibonacci_other_experiment,run_5_repetition_0,DONE,6,200,2766.563,11.011,2922.546,33.6
fibonacci_other_experiment,run_6_repetition_0,DONE,7,200,2779.476,11.022,2928.727,33.177
fibonacci_other_experiment,run_7_repetition_0,DONE,8,200,2733.206,14.974,2921.962,32.93
fibonacci_other_experiment,run_8_repetition_0,DONE,9,200,2738.708,15.272,2932.653,33.267
fibonacci_other_experiment,run_9_repetition_0,DONE,10,200,2739.063,10.167,2929.438,-65503.591
edit_distance_origin_experiment,run_0_repetition_0,DONE,1,200,3492.859,7.313,3295.379,80.75
edit_distance_origin_experiment,run_1_repetition_0,DONE,2,200,3484.818,6.95,3247.888,81.183
edit_distance_origin_experiment,run_2_repetition_0,DONE,3,200,3479.865,6.97,3338.291,81.916
edit_distance_origin_experiment,run_3_repetition_0,DONE,4,200,3515.046,7.029,3291.342,86.702
edit_distance_origin_experiment,run_4_repetition_0,DONE,5,200,3499.39,7.037,3216.142,84.846
edit_distance_origin_experiment,run_5_repetition_0,DONE,6,200,3477.081,7.138,3243.792,83.106
edit_distance_origin_experiment,run_6_repetition_0,DONE,7,200,3471.786,6.755,3240.379,81.624
edit_distance_origin_experiment,run_7_repetition_0,DONE,8,200,3477.306,7.106,3334.607,80.673
edit_distance_origin_experiment,run_8_repetition_0,DONE,9,200,3490.91,7.318,3246.425,83.698
edit_distance_origin_experiment,run_9_repetition_0,DONE,10,200,3476.691,7.059,3302.947,79.838
edit_distance_code_function_experiment,run_0_repetition_0,DONE,1,200,0.006,8.653,2933.193,23.555
edit_distance_code_function_experiment,run_1_repetition_0,DONE,2,200,0.005,7.9,2931.42,20.807
edit_distance_code_function_experiment,run_2_repetition_0,DONE,3,200,0.006,6.75,2936.17,18.97
edit_distance_code_function_experiment,run_3_repetition_0,DONE,4,200,0.007,6.751,2931.692,19.723
edit_distance_code_function_experiment,run_4_repetition_0,DONE,5,200,0.008,7.15,2921.771,19.472
edit_distance_code_function_experiment,run_5_repetition_0,DONE,6,200,0.005,6.797,2933.724,19.443
edit_distance_code_function_experiment,run_6_repetition_0,DONE,7,200,0.008,7.197,2927.079,20.524
edit_distance_code_function_experiment,run_7_repetition_0,DONE,8,200,0.005,6.932,2932.956,19.897
edit_distance_code_function_experiment,run_8_repetition_0,DONE,9,200,0.009,6.328,2930.484,20.198
edit_distance_code_function_experiment,run_9_repetition_0,DONE,10,200,0.008,6.68,2936.696,20.101
levenshtein_distance_origin_experiment,run_0_repetition_0,DONE,1,200,6880.274,7.192,2956.124,167.778
levenshtein_distance_origin_experiment,run_1_repetition_0,DONE,2,200,6909.271,7.089,2930.311,154.774
levenshtein_distance_origin_experiment,run_2_repetition_0,DONE,3,200,6848.972,6.826,2934.192,150.96
levenshtein_distance_origin_experiment,run_3_repetition_0,DONE,4,200,6785.327,6.899,2928.427,161.152
levenshtein_distance_origin_experiment,run_4_repetition_0,DONE,5,200,6911.815,7.093,2927.108,164.085
levenshtein_distance_origin_experiment,run_5_repetition_0,DONE,6,200,6838.064,7.119,2930.416,161.074
levenshtein_distance_origin_experiment,run_6_repetition_0,DONE,7,200,6796.273,6.971,2932.006,162.685
levenshtein_distance_origin_experiment,run_7_repetition_0,DONE,8,200,6872.347,6.969,2925.784,161.172
levenshtein_distance_origin_experiment,run_8_repetition_0,DONE,9,200,6842.099,7.025,2923.727,161.686
levenshtein_distance_origin_experiment,run_9_repetition_0,DONE,10,200,6868.093,7.223,2929.891,161.645
fibonacci_code_experiment,run_0_repetition_0,DONE,1,200,41796.646,6.954,4658.236,463.856
fibonacci_code_experiment,run_1_repetition_0,DONE,2,200,41832.49,7.162,4631.422,469.404
fibonacci_code_experiment,run_2_repetition_0,DONE,3,200,41955.979,7.12,4620.687,467.933
fibonacci_code_experiment,run_3_repetition_0,DONE,4,200,41757.022,7.092,4624.767,471.754
fibonacci_code_experiment,run_4_repetition_0,DONE,5,200,41829.675,7.026,4624.213,469.465
fibonacci_code_experiment,run_5_repetition_0,DONE,6,200,41843.762,7.112,4622.49,469.779
fibonacci_code_experiment,run_6_repetition_0,DONE,7,200,41618.599,6.985,4634.484,469.572
fibonacci_code_experiment,run_7_repetition_0,DONE,8,200,41884.618,7.112,4627.323,468.175
fibonacci_code_experiment,run_8_repetition_0,DONE,9,200,41742.541,7.038,4620.341,465.869
fibonacci_code_experiment,run_9_repetition_0,DONE,10,200,41865.213,7.084,4642.898,468.157
knapsack_code_function_experiment,run_0_repetition_0,DONE,1,200,0.015,7.518,2935.958,9.087
knapsack_code_function_experiment,run_1_repetition_0,DONE,2,200,0.014,6.518,2938.12,8.589
knapsack_code_function_experiment,run_2_repetition_0,DONE,3,200,0.022,5.451,2909.353,8.313
knapsack_code_function_experiment,run_3_repetition_0,DONE,4,200,0.014,6.866,2918.727,8.251
knapsack_code_function_experiment,run_4_repetition_0,DONE,5,200,0.016,7.132,2913.33,8.184
knapsack_code_function_experiment,run_5_repetition_0,DONE,6,200,0.014,6.399,2922.799,8.167
knapsack_code_function_experiment,run_6_repetition_0,DONE,7,200,0.016,5.273,2919.059,8.409
knapsack_code_function_experiment,run_7_repetition_0,DONE,8,200,0.014,6.393,2915.344,8.03
knapsack_code_function_experiment,run_8_repetition_0,DONE,9,200,0.014,6.729,2926.473,8.239
knapsack_code_function_experiment,run_9_repetition_0,DONE,10,200,0.015,6.236,2909.409,8.282
matrix_chain_order_origin_experiment,run_0_repetition_0,DONE,1,200,2953.552,7.637,2932.428,34.736
matrix_chain_order_origin_experiment,run_1_repetition_0,DONE,2,200,2966.954,7.162,2922.62,33.109
matrix_chain_order_origin_experiment,run_2_repetition_0,DONE,3,200,2948.267,6.553,2893.055,31.689
matrix_chain_order_origin_experiment,run_3_repetition_0,DONE,4,200,2974.904,6.795,2887.832,35.085
matrix_chain_order_origin_experiment,run_4_repetition_0,DONE,5,200,2936.587,6.48,2880.918,33.61
matrix_chain_order_origin_experiment,run_5_repetition_0,DONE,6,200,2964.394,7.994,2874.942,34.771
matrix_chain_order_origin_experiment,run_6_repetition_0,DONE,7,200,2970.129,6.622,2877.501,34.096
matrix_chain_order_origin_experiment,run_7_repetition_0,DONE,8,200,2989.521,6.568,2873.967,35.026
matrix_chain_order_origin_experiment,run_8_repetition_0,DONE,9,200,2973.498,6.828,2875.362,34.195
matrix_chain_order_origin_experiment,run_9_repetition_0,DONE,10,200,2942.671,6.075,2879.229,31.752
fibonacci_code_func_experiment,run_0_repetition_0,DONE,1,200,0.019,6.812,2933.004,1.699
fibonacci_code_func_experiment,run_1_repetition_0,DONE,2,200,0.018,6.149,2947.508,1.277
fibonacci_code_func_experiment,run_2_repetition_0,DONE,3,200,0.018,4.541,2926.431,1.21
fibonacci_code_func_experiment,run_3_repetition_0,DONE,4,200,0.019,5.934,2928.372,1.447
fibonacci_code_func_experiment,run_4_repetition_0,DONE,5,200,0.018,3.465,2927.181,1.293
fibonacci_code_func_experiment,run_5_repetition_0,DONE,6,200,0.019,5.639,2930.979,1.29
fibonacci_code_func_experiment,run_6_repetition_0,DONE,7,200,0.019,6.033,2916.535,1.379
fibonacci_code_func_experiment,run_7_repetition_0,DONE,8,200,0.02,6.131,2928.411,1.35
fibonacci_code_func_experiment,run_8_repetition_0,DONE,9,200,0.019,5.939,2911.897,1.21
fibonacci_code_func_experiment,run_9_repetition_0,DONE,10,200,0.018,2.601,2922.948,1.432
rod_cutting_function_experiment,run_0_repetition_0,DONE,1,200,3720.751,9.298,2930.57,53.151
rod_cutting_function_experiment,run_1_repetition_0,DONE,2,200,3732.91,7.103,2920.172,41.136
rod_cutting_function_experiment,run_2_repetition_0,DONE,3,200,3687.498,6.492,2913.462,44.812
rod_cutting_function_experiment,run_3_repetition_0,DONE,4,200,3701.454,6.937,2923.415,41.733
rod_cutting_function_experiment,run_4_repetition_0,DONE,5,200,3679.396,7.079,2919.823,44.469
rod_cutting_function_experiment,run_5_repetition_0,DONE,6,200,3681.114,7.13,2916.225,44.832
rod_cutting_function_experiment,run_6_repetition_0,DONE,7,200,3669.139,6.965,2913.571,43.321
rod_cutting_function_experiment,run_7_repetition_0,DONE,8,200,3689.853,7.002,2914.638,44.207
rod_cutting_function_experiment,run_8_repetition_0,DONE,9,200,3686.2,7.046,2914.36,44.718
rod_cutting_function_experiment,run_9_repetition_0,DONE,10,200,3711.084,6.958,2912.802,41.598
levenshtein_distance_function_experiment,run_0_repetition_0,DONE,1,200,3888.16,7.425,2939.238,89.211
levenshtein_distance_function_experiment,run_1_repetition_0,DONE,2,200,3867.733,7.126,2927.147,84.331
levenshtein_distance_function_experiment,run_2_repetition_0,DONE,3,200,3941.462,7.086,2932.349,86.674
levenshtein_distance_function_experiment,run_3_repetition_0,DONE,4,200,3884.128,6.883,2929.334,94.256
levenshtein_distance_function_experiment,run_4_repetition_0,DONE,5,200,3887.879,6.828,2916.529,93.374
levenshtein_distance_function_experiment,run_5_repetition_0,DONE,6,200,3938.389,6.976,2924.456,94.908
levenshtein_distance_function_experiment,run_6_repetition_0,DONE,7,200,3892.509,7.164,2920.365,94.224
levenshtein_distance_function_experiment,run_7_repetition_0,DONE,8,200,3869.953,6.989,2931.375,93.645
levenshtein_distance_function_experiment,run_8_repetition_0,DONE,9,200,3911.866,7.077,2924.389,89.287
levenshtein_distance_function_experiment,run_9_repetition_0,DONE,10,200,3861.686,6.979,2927.968,90.458
floyd_code_function_experiment,run_0_repetition_0,DONE,1,200,0.01,7.759,2948.311,70.596
floyd_code_function_experiment,run_1_repetition_0,DONE,2,200,0.012,7.198,2907.049,68.218
floyd_code_function_experiment,run_2_repetition_0,DONE,3,200,0.011,6.897,2895.784,66.685
floyd_code_function_experiment,run_3_repetition_0,DONE,4,200,0.011,6.742,2890.296,66.943
floyd_code_function_experiment,run_4_repetition_0,DONE,5,200,0.011,7.239,2887.879,68.936
floyd_code_function_experiment,run_5_repetition_0,DONE,6,200,0.011,6.867,2893.974,69.989
floyd_code_function_experiment,run_6_repetition_0,DONE,7,200,0.011,7.035,2905.255,66.793
floyd_code_function_experiment,run_7_repetition_0,DONE,8,200,0.01,7.382,2899.372,68.283
floyd_code_function_experiment,run_8_repetition_0,DONE,9,200,0.011,7.042,2897.564,68.535
floyd_code_function_experiment,run_9_repetition_0,DONE,10,200,0.012,6.996,2892.284,67.568
rod_cutting_object_experiment,run_0_repetition_0,DONE,1,200,6217.417,7.279,2987.973,78.07
rod_cutting_object_experiment,run_1_repetition_0,DONE,2,200,6407.325,6.805,2960.024,77.957
rod_cutting_object_experiment,run_2_repetition_0,DONE,3,200,6236.176,6.947,2926.754,75.267
rod_cutting_object_experiment,run_3_repetition_0,DONE,4,200,6238.186,6.92,2923.679,76.158
rod_cutting_object_experiment,run_4_repetition_0,DONE,5,200,6236.61,6.934,2922.987,75.645
rod_cutting_object_experiment,run_5_repetition_0,DONE,6,200,6238.77,7.304,2917.544,76.077
rod_cutting_object_experiment,run_6_repetition_0,DONE,7,200,6532.092,6.906,2914.411,71.066
rod_cutting_object_experiment,run_7_repetition_0,DONE,8,200,6296.964,6.865,2915.091,72.408
rod_cutting_object_experiment,run_8_repetition_0,DONE,9,200,6251.823,7.191,2919.687,76.988
rod_cutting_object_experiment,run_9_repetition_0,DONE,10,200,6229.141,6.974,2923.256,78.666
matrix_chain_order_native_experiment,run_0_repetition_0,DONE,1,200,984.492,13.75,2941.677,20.639
matrix_chain_order_native_experiment,run_1_repetition_0,DONE,2,200,968.07,13.567,2933.522,18.739
matrix_chain_order_native_experiment,run_2_repetition_0,DONE,3,200,983.87,12.72,2964.389,18.845
matrix_chain_order_native_experiment,run_3_repetition_0,DONE,4,200,984.723,12.899,3002.719,18.266
matrix_chain_order_native_experiment,run_4_repetition_0,DONE,5,200,984.192,12.93,2968.955,18.256
matrix_chain_order_native_experiment,run_5_repetition_0,DONE,6,200,978.986,13.66,2996.034,18.398
matrix_chain_order_native_experiment,run_6_repetition_0,DONE,7,200,985.489,13.682,2976.537,19.017
matrix_chain_order_native_experiment,run_7_repetition_0,DONE,8,200,986.308,13.501,2960.144,18.845
matrix_chain_order_native_experiment,run_8_repetition_0,DONE,9,200,998.255,20.688,2966.634,18.922
matrix_chain_order_native_experiment,run_9_repetition_0,DONE,10,200,978.296,12.851,2949.145,18.247
levenshtein_distance_native_experiment,run_0_repetition_0,DONE,1,200,45.505,19.044,2968.531,11.13
levenshtein_distance_native_experiment,run_1_repetition_0,DONE,2,200,45.584,17.662,2944.79,9.365
levenshtein_distance_native_experiment,run_2_repetition_0,DONE,3,200,45.571,17.721,2964.042,9.286
levenshtein_distance_native_experiment,run_3_repetition_0,DONE,4,200,45.64,16.483,2967.221,8.759
levenshtein_distance_native_experiment,run_4_repetition_0,DONE,5,200,45.469,19.641,2987.848,8.002
levenshtein_distance_native_experiment,run_5_repetition_0,DONE,6,200,45.471,29.606,3008.136,9.322
levenshtein_distance_native_experiment,run_6_repetition_0,DONE,7,200,45.486,17.762,3021.611,9.239
levenshtein_distance_native_experiment,run_7_repetition_0,DONE,8,200,45.478,18.59,2982.526,8.054
levenshtein_distance_native_experiment,run_8_repetition_0,DONE,9,200,45.512,16.621,3033.598,9.309
levenshtein_distance_native_experiment,run_9_repetition_0,DONE,10,200,45.529,20.105,3030.266,10.063
matrix_chain_multiplication_code_experiment,run_0_repetition_0,DONE,1,200,11607.448,6.883,2939.133,262.067
matrix_chain_multiplication_code_experiment,run_1_repetition_0,DONE,2,200,11480.198,6.793,2934.2,272.234
matrix_chain_multiplication_code_experiment,run_2_repetition_0,DONE,3,200,11491.401,6.625,2929.151,268.157
matrix_chain_multiplication_code_experiment,run_3_repetition_0,DONE,4,200,12364.723,6.735,2933.901,271.651
matrix_chain_multiplication_code_experiment,run_4_repetition_0,DONE,5,200,11720.232,6.823,2932.041,277.5
matrix_chain_multiplication_code_experiment,run_5_repetition_0,DONE,6,200,11773.313,6.91,2931.74,261.413
matrix_chain_multiplication_code_experiment,run_6_repetition_0,DONE,7,200,11554.967,6.839,2921.812,269.418
matrix_chain_multiplication_code_experiment,run_7_repetition_0,DONE,8,200,11468.356,6.84,2938.925,265.914
matrix_chain_multiplication_code_experiment,run_8_repetition_0,DONE,9,200,11399.137,6.766,2935.389,261.919
matrix_chain_multiplication_code_experiment,run_9_repetition_0,DONE,10,200,11773.108,6.787,2936.434,267.306
floyd_code_experiment,run_0_repetition_0,DONE,1,200,6381.99,7.277,2865.504,80.07
floyd_code_experiment,run_1_repetition_0,DONE,2,200,6393.875,7.04,2870.567,78.181
floyd_code_experiment,run_2_repetition_0,DONE,3,200,6398.193,6.973,2858.39,77.278
floyd_code_experiment,run_3_repetition_0,DONE,4,200,6374.279,7.008,2854.598,75.018
floyd_code_experiment,run_4_repetition_0,DONE,5,200,6412.436,6.704,2866.126,76.039
floyd_code_experiment,run_5_repetition_0,DONE,6,200,6401.047,6.962,2859.936,76.219
floyd_code_experiment,run_6_repetition_0,DONE,7,200,6416.152,7.067,2866.268,77.106
floyd_code_experiment,run_7_repetition_0,DONE,8,200,6392.76,6.71,2862.493,77.357
floyd_code_experiment,run_8_repetition_0,DONE,9,200,6412.607,7.083,2871.607,77.437
floyd_code_experiment,run_9_repetition_0,DONE,10,200,6439.794,6.952,2863.583,73.173
floyd_native_experiment,run_0_repetition_0,DONE,1,200,239.565,18.409,2960.708,11.308
floyd_native_experiment,run_1_repetition_0,DONE,2,200,228.948,16.743,2971.796,9.831
floyd_native_experiment,run_2_repetition_0,DONE,3,200,228.137,29.169,2992.079,9.818
floyd_native_experiment,run_3_repetition_0,DONE,4,200,227.552,16.608,2988.185,9.774
floyd_native_experiment,run_4_repetition_0,DONE,5,200,225.219,18.352,2959.345,9.878
floyd_native_experiment,run_5_repetition_0,DONE,6,200,227.312,16.835,2954.932,9.823
floyd_native_experiment,run_6_repetition_0,DONE,7,200,226.181,17.118,2978.262,9.735
floyd_native_experiment,run_7_repetition_0,DONE,8,200,224.832,16.55,2942.623,9.789
floyd_native_experiment,run_8_repetition_0,DONE,9,200,225.82,18.161,2942.214,10.124
floyd_native_experiment,run_9_repetition_0,DONE,10,200,224.188,19.337,2957.529,9.825
matrix_chain_multiplication_origin_experiment,run_0_repetition_0,DONE,1,200,23918.74,7.141,2972.812,290.216
matrix_chain_multiplication_origin_experiment,run_1_repetition_0,DONE,2,200,23676.353,7.072,2940.206,277.756
matrix_chain_multiplication_origin_experiment,run_2_repetition_0,DONE,3,200,23798.269,6.92,2939.986,284.557
matrix_chain_multiplication_origin_experiment,run_3_repetition_0,DONE,4,200,23645.952,6.998,2949.379,286.275
matrix_chain_multiplication_origin_experiment,run_4_repetition_0,DONE,5,200,23654.035,6.822,2949.935,286.827
matrix_chain_multiplication_origin_experiment,run_5_repetition_0,DONE,6,200,23781.314,7.11,2942.188,289.327
matrix_chain_multiplication_origin_experiment,run_6_repetition_0,DONE,7,200,23739.116,6.785,2930.788,274.559
matrix_chain_multiplication_origin_experiment,run_7_repetition_0,DONE,8,200,23775.716,6.797,2937.145,275.624
matrix_chain_multiplication_origin_experiment,run_8_repetition_0,DONE,9,200,24063.013,6.739,2923.616,279.471
matrix_chain_multiplication_origin_experiment,run_9_repetition_0,DONE,10,200,23666.357,6.819,2924.834,275.751
dijkstra_object_experiment,run_0_repetition_0,DONE,1,200,5541.133,7.519,2869.863,63.125
dijkstra_object_experiment,run_1_repetition_0,DONE,2,200,5579.069,6.983,2843.411,60.565
dijkstra_object_experiment,run_2_repetition_0,DONE,3,200,5601.004,6.761,2842.369,60.776
dijkstra_object_experiment,run_3_repetition_0,DONE,4,200,5544.181,6.887,2839.284,58.897
dijkstra_object_experiment,run_4_repetition_0,DONE,5,200,5555.89,7.456,2838.862,66.658
dijkstra_object_experiment,run_5_repetition_0,DONE,6,200,5587.333,6.895,2843.86,67.47
dijkstra_object_experiment,run_6_repetition_0,DONE,7,200,5585.662,7.027,2838.781,62.049
dijkstra_object_experiment,run_7_repetition_0,DONE,8,200,5591.32,7.411,2833.355,68.796
dijkstra_object_experiment,run_8_repetition_0,DONE,9,200,5546.358,6.771,2828.242,60.191
dijkstra_object_experiment,run_9_repetition_0,DONE,10,200,5578.546,6.587,2823.237,60.431
longest_common_subsequence_code_experiment,run_0_repetition_0,DONE,1,200,2410.75,7.543,3206.669,60.724
longest_common_subsequence_code_experiment,run_1_repetition_0,DONE,2,200,2439.5,7.387,3249.894,58.14
longest_common_subsequence_code_experiment,run_2_repetition_0,DONE,3,200,2413.069,7.115,3263.074,58.821
longest_common_subsequence_code_experiment,run_3_repetition_0,DONE,4,200,2401.871,6.855,3190.525,58.736
longest_common_subsequence_code_experiment,run_4_repetition_0,DONE,5,200,2428.632,7.068,3237.383,59.346
longest_common_subsequence_code_experiment,run_5_repetition_0,DONE,6,200,2404.658,6.626,3207.177,58.763
longest_common_subsequence_code_experiment,run_6_repetition_0,DONE,7,200,2395.152,6.917,3211.425,58.569
longest_common_subsequence_code_experiment,run_7_repetition_0,DONE,8,200,2403.015,6.904,3149.863,59.029
longest_common_subsequence_code_experiment,run_8_repetition_0,DONE,9,200,2462.045,7.268,3143.975,60.442
longest_common_subsequence_code_experiment,run_9_repetition_0,DONE,10,200,2429.603,7.074,3222.741,57.241
fibonacci_origin_experiment,run_0_repetition_0,DONE,1,200,41725.594,7.823,4649.382,483.422
fibonacci_origin_experiment,run_1_repetition_0,DONE,2,200,41881.452,7.531,4617.773,487.732
fibonacci_origin_experiment,run_2_repetition_0,DONE,3,200,41832.34,7.399,4613.263,489.325
fibonacci_origin_experiment,run_3_repetition_0,DONE,4,200,42199.046,7.336,4632.287,471.801
fibonacci_origin_experiment,run_4_repetition_0,DONE,5,200,42168.35,7.492,4630.335,473.616
fibonacci_origin_experiment,run_5_repetition_0,DONE,6,200,42085.495,7.4,4627.071,482.005
fibonacci_origin_experiment,run_6_repetition_0,DONE,7,200,42094.946,7.473,4627.088,478.897
fibonacci_origin_experiment,run_7_repetition_0,DONE,8,200,41854.939,7.272,4623.1,486.133
fibonacci_origin_experiment,run_8_repetition_0,DONE,9,200,42082.207,7.784,4626.561,469.381
fibonacci_origin_experiment,run_9_repetition_0,DONE,10,200,42143.32,7.342,4636.838,467.622
levenshtein_distance_object_experiment,run_0_repetition_0,DONE,1,200,3837.312,7.459,2953.461,91.895
levenshtein_distance_object_experiment,run_1_repetition_0,DONE,2,200,3809.667,6.93,2935.374,92.564
levenshtein_distance_object_experiment,run_2_repetition_0,DONE,3,200,3853.382,7.117,2933.294,93.383
levenshtein_distance_object_experiment,run_3_repetition_0,DONE,4,200,3827.564,6.965,2927.35,92.141
levenshtein_distance_object_experiment,run_4_repetition_0,DONE,5,200,3829.647,7.255,2926.36,93.905
levenshtein_distance_object_experiment,run_5_repetition_0,DONE,6,200,3923.642,6.804,2927.837,92.129
levenshtein_distance_object_experiment,run_6_repetition_0,DONE,7,200,3922.548,7.166,2929.37,86.274
levenshtein_distance_object_experiment,run_7_repetition_0,DONE,8,200,3834.795,7.128,2941.1,92.111
levenshtein_distance_object_experiment,run_8_repetition_0,DONE,9,200,3984.001,6.883,2934.683,95.675
levenshtein_distance_object_experiment,run_9_repetition_0,DONE,10,200,3886.61,7.213,2925.363,96.571
dijkstra_origin_experiment,run_0_repetition_0,DONE,1,200,7958.949,7.488,2809.049,83.317
dijkstra_origin_experiment,run_1_repetition_0,DONE,2,200,8144.265,6.951,2816.282,83.063
dijkstra_origin_experiment,run_2_repetition_0,DONE,3,200,8025.95,7.219,2816.035,83.508
dijkstra_origin_experiment,run_3_repetition_0,DONE,4,200,8130.441,7.03,2801.623,86.301
dijkstra_origin_experiment,run_4_repetition_0,DONE,5,200,7966.596,7.037,2800.524,84.048
dijkstra_origin_experiment,run_5_repetition_0,DONE,6,200,7986.959,7.301,2804.961,85.143
dijkstra_origin_experiment,run_6_repetition_0,DONE,7,200,8069.663,7.342,2806.036,91.646
dijkstra_origin_experiment,run_7_repetition_0,DONE,8,200,8055.784,7.057,2822.097,87.879
dijkstra_origin_experiment,run_8_repetition_0,DONE,9,200,8088.24,7.574,2825.181,87.77
dijkstra_origin_experiment,run_9_repetition_0,DONE,10,200,8123.661,7.237,2821.743,97.337
longest_common_subsequence_native_experiment,run_0_repetition_0,DONE,1,200,571.148,14.701,3303.816,20.866
longest_common_subsequence_native_experiment,run_1_repetition_0,DONE,2,200,573.724,13.955,3349.232,19.946
longest_common_subsequence_native_experiment,run_2_repetition_0,DONE,3,200,573.597,12.686,3327.523,18.672
longest_common_subsequence_native_experiment,run_3_repetition_0,DONE,4,200,531.136,13.772,3348.728,18.694
longest_common_subsequence_native_experiment,run_4_repetition_0,DONE,5,200,540.805,13.362,3304.537,18.928
longest_common_subsequence_native_experiment,run_5_repetition_0,DONE,6,200,574.225,13.295,3207.42,18.824
longest_common_subsequence_native_experiment,run_6_repetition_0,DONE,7,200,570.584,13.462,3234.428,18.62
longest_common_subsequence_native_experiment,run_7_repetition_0,DONE,8,200,570.284,19.374,3229.825,18.374
longest_common_subsequence_native_experiment,run_8_repetition_0,DONE,9,200,572.652,13.003,3236.471,18.094
longest_common_subsequence_native_experiment,run_9_repetition_0,DONE,10,200,562.064,13.845,3209.655,19.199
rod_cutting_native_experiment,run_0_repetition_0,DONE,1,200,65.421,19.909,2957.342,11.07
rod_cutting_native_experiment,run_1_repetition_0,DONE,2,200,64.915,30.053,3000.075,10.419
rod_cutting_native_experiment,run_2_repetition_0,DONE,3,200,67.17,16.609,2976.346,9.926
rod_cutting_native_experiment,run_3_repetition_0,DONE,4,200,64.389,20.235,2982.643,10.954
rod_cutting_native_experiment,run_4_repetition_0,DONE,5,200,64.545,17.564,3000.146,9.725
rod_cutting_native_experiment,run_5_repetition_0,DONE,6,200,64.415,29.726,3003.057,9.846
rod_cutting_native_experiment,run_6_repetition_0,DONE,7,200,64.411,18.159,3034.171,10.12
rod_cutting_native_experiment,run_7_repetition_0,DONE,8,200,64.364,18.378,3011.551,10.179
rod_cutting_native_experiment,run_8_repetition_0,DONE,9,200,64.305,17.929,3029.527,9.795
rod_cutting_native_experiment,run_9_repetition_0,DONE,10,200,64.546,18.701,3039.077,10.152
dijkstra_network_experiment,run_0_repetition_0,DONE,1,200,7760.47,7.638,2829.025,86.641
dijkstra_network_experiment,run_1_repetition_0,DONE,2,200,7761.139,6.958,2832.515,92.581
dijkstra_network_experiment,run_2_repetition_0,DONE,3,200,7785.607,7.163,2837.677,86.243
dijkstra_network_experiment,run_3_repetition_0,DONE,4,200,7753.424,6.668,2834.789,91.781
dijkstra_network_experiment,run_4_repetition_0,DONE,5,200,7702.87,7.032,2826.522,84.341
dijkstra_network_experiment,run_5_repetition_0,DONE,6,200,7775.803,7.144,2830.501,85.222
dijkstra_network_experiment,run_6_repetition_0,DONE,7,200,7722.772,6.951,2828.523,83.535
dijkstra_network_experiment,run_7_repetition_0,DONE,8,200,7759.309,6.938,2824.282,81.91
dijkstra_network_experiment,run_8_repetition_0,DONE,9,200,7753.705,7.23,2832.483,93.036
dijkstra_network_experiment,run_9_repetition_0,DONE,10,200,7769.79,6.851,2838.86,82.424
matrix_chain_order_function_experiment,run_0_repetition_0,DONE,1,200,2268.089,7.545,2903.277,29.573
matrix_chain_order_function_experiment,run_1_repetition_0,DONE,2,200,2271.533,6.156,2901.618,25.143
matrix_chain_order_function_experiment,run_2_repetition_0,DONE,3,200,2279.3,6.701,2885.772,27.271
matrix_chain_order_function_experiment,run_3_repetition_0,DONE,4,200,2278.7,6.577,2888.976,27.278
matrix_chain_order_function_experiment,run_4_repetition_0,DONE,5,200,2312.861,6.506,2893.799,27.045
matrix_chain_order_function_experiment,run_5_repetition_0,DONE,6,200,2296.696,6.629,2891.2,24.476
matrix_chain_order_function_experiment,run_6_repetition_0,DONE,7,200,2265.373,6.781,2890.824,25.3
matrix_chain_order_function_experiment,run_7_repetition_0,DONE,8,200,2281.449,7.471,2892.934,27.976
matrix_chain_order_function_experiment,run_8_repetition_0,DONE,9,200,2300.26,6.556,2882.92,26.89
matrix_chain_order_function_experiment,run_9_repetition_0,DONE,10,200,2283.307,6.575,2888.423,24.385
fibonacci_native_experiment,run_0_repetition_0,DONE,1,200,359.801,7.834,2937.7,4.645
fibonacci_native_experiment,run_1_repetition_0,DONE,2,200,359.496,6.455,2932.958,4.175
fibonacci_native_experiment,run_2_repetition_0,DONE,3,200,370.603,8.247,2925.973,4.355
fibonacci_native_experiment,run_3_repetition_0,DONE,4,200,360.545,6.604,2931.067,4.183
fibonacci_native_experiment,run_4_repetition_0,DONE,5,200,358.849,6.676,2933.034,4.184
fibonacci_native_experiment,run_5_repetition_0,DONE,6,200,357.53,7.205,2921.501,4.292
fibonacci_native_experiment,run_6_repetition_0,DONE,7,200,373.499,8.725,2922.521,4.852
fibonacci_native_experiment,run_7_repetition_0,DONE,8,200,357.927,6.742,2929.993,4.037
fibonacci_native_experiment,run_8_repetition_0,DONE,9,200,358.235,6.443,2920.408,4.174
fibonacci_native_experiment,run_9_repetition_0,DONE,10,200,358.863,6.724,2926.418,4.071
fibonacci_native_function_experiment,run_0_repetition_0,DONE,1,200,0.016,21.731,3017.737,8.715
fibonacci_native_function_experiment,run_1_repetition_0,DONE,2,200,0.013,34.014,3019.489,8.035
fibonacci_native_function_experiment,run_2_repetition_0,DONE,3,200,0.012,33.856,3005.455,8.128
fibonacci_native_function_experiment,run_3_repetition_0,DONE,4,200,0.013,32.14,2986.657,8.033
fibonacci_native_function_experiment,run_4_repetition_0,DONE,5,200,0.016,34.438,2973.24,8.405
fibonacci_native_function_experiment,run_5_repetition_0,DONE,6,200,0.013,20.795,2996.784,8.243
fibonacci_native_function_experiment,run_6_repetition_0,DONE,7,200,0.013,33.717,3004.421,8.094
fibonacci_native_function_experiment,run_7_repetition_0,DONE,8,200,0.013,19.014,3004.066,7.985
fibonacci_native_function_experiment,run_8_repetition_0,DONE,9,200,0.013,18.755,3013.595,8.099
fibonacci_native_function_experiment,run_9_repetition_0,DONE,10,200,0.013,20.262,2984.638,8.221
rod_cutting_mixed_experiment,run_0_repetition_0,DONE,1,200,65.031,19.465,2955.74,10.823
rod_cutting_mixed_experiment,run_1_repetition_0,DONE,2,200,65.489,17.912,3016.614,9.937
rod_cutting_mixed_experiment,run_2_repetition_0,DONE,3,200,64.985,17.05,3013.46,9.728
rod_cutting_mixed_experiment,run_3_repetition_0,DONE,4,200,65.296,17.731,3054.126,10.187
rod_cutting_mixed_experiment,run_4_repetition_0,DONE,5,200,64.979,18.537,3024.384,9.81
rod_cutting_mixed_experiment,run_5_repetition_0,DONE,6,200,65.249,18.069,3006.062,9.688
rod_cutting_mixed_experiment,run_6_repetition_0,DONE,7,200,65.378,18.127,2996.352,10.147
rod_cutting_mixed_experiment,run_7_repetition_0,DONE,8,200,66.088,18.257,2993.993,9.982
rod_cutting_mixed_experiment,run_8_repetition_0,DONE,9,200,65.572,18.849,2974.419,10.162
rod_cutting_mixed_experiment,run_9_repetition_0,DONE,10,200,64.927,16.483,2970.71,9.724
matrix_chain_order_other_experiment,run_0_repetition_0,DONE,1,200,8128.928,8.42,2911.214,90.006
matrix_chain_order_other_experiment,run_1_repetition_0,DONE,2,200,7990.666,8.265,2908.726,87.83
matrix_chain_order_other_experiment,run_2_repetition_0,DONE,3,200,7980.735,8.462,2918.088,84.594
matrix_chain_order_other_experiment,run_3_repetition_0,DONE,4,200,8006.896,8.358,2911.456,85.261
matrix_chain_order_other_experiment,run_4_repetition_0,DONE,5,200,8521.431,8.281,2907.645,90.681
matrix_chain_order_other_experiment,run_5_repetition_0,DONE,6,200,8005.761,8.137,2904.553,84.422
matrix_chain_order_other_experiment,run_6_repetition_0,DONE,7,200,7986.255,8.358,2898.949,84.656
matrix_chain_order_other_experiment,run_7_repetition_0,DONE,8,200,7965.177,8.733,2902.686,85.238
matrix_chain_order_other_experiment,run_8_repetition_0,DONE,9,200,7951.441,9.742,2894.554,84.297
matrix_chain_order_other_experiment,run_9_repetition_0,DONE,10,200,8007.947,8.153,2899.863,84.751
floyd_other_experiment,run_0_repetition_0,DONE,1,200,336.85,20.783,2894.335,7.905
floyd_other_experiment,run_1_repetition_0,DONE,2,200,306.723,19.815,2888.848,6.999
floyd_other_experiment,run_2_repetition_0,DONE,3,200,313.422,20.35,2909.38,7.502
floyd_other_experiment,run_3_repetition_0,DONE,4,200,318.726,20.456,2913.313,7.391
floyd_other_experiment,run_4_repetition_0,DONE,5,200,315.829,19.692,2896.931,7.152
floyd_other_experiment,run_5_repetition_0,DONE,6,200,310.783,19.933,2895.891,7.007
floyd_other_experiment,run_6_repetition_0,DONE,7,200,310.935,20.03,2905.438,7.19
floyd_other_experiment,run_7_repetition_0,DONE,8,200,305.834,33.674,2916.573,7.15
floyd_other_experiment,run_8_repetition_0,DONE,9,200,321.535,20.846,2921.027,7.326
floyd_other_experiment,run_9_repetition_0,DONE,10,200,321.154,20.605,2914.238,7.674
matrix_chain_multiplication_other_experiment,run_0_repetition_0,DONE,1,200,36457.102,6.969,2924.638,759.225
matrix_chain_multiplication_other_experiment,run_1_repetition_0,DONE,2,200,36318.064,7.109,2920.968,752.353
matrix_chain_multiplication_other_experiment,run_2_repetition_0,DONE,3,200,36383.969,6.91,2926.314,751.463
matrix_chain_multiplication_other_experiment,run_3_repetition_0,DONE,4,200,36381.655,6.929,2921.725,749.937
matrix_chain_multiplication_other_experiment,run_4_repetition_0,DONE,5,200,36237.278,6.993,2929.809,755.318
matrix_chain_multiplication_other_experiment,run_5_repetition_0,DONE,6,200,36337.723,6.906,2914.589,776.147
matrix_chain_multiplication_other_experiment,run_6_repetition_0,DONE,7,200,36187.774,6.907,2910.201,744.467
matrix_chain_multiplication_other_experiment,run_7_repetition_0,DONE,8,200,39810.291,6.875,2906.396,815.38
matrix_chain_multiplication_other_experiment,run_8_repetition_0,DONE,9,200,36288.611,7.13,2911.853,749.031
matrix_chain_multiplication_other_experiment,run_9_repetition_0,DONE,10,200,36145.955,6.891,2907.868,781.926
edit_distance_other_experiment,run_0_repetition_0,DONE,1,200,47.207,31.302,2945.728,4.215
edit_distance_other_experiment,run_1_repetition_0,DONE,2,200,46.937,32.476,2959.135,4.158
edit_distance_other_experiment,run_2_repetition_0,DONE,3,200,46.404,29.115,2967.413,4.176
edit_distance_other_experiment,run_3_repetition_0,DONE,4,200,47.012,28.581,2960.281,4.124
edit_distance_other_experiment,run_4_repetition_0,DONE,5,200,46.294,29.368,2959.801,4.165
edit_distance_other_experiment,run_5_repetition_0,DONE,6,200,46.931,29.06,2960.28,4.22
edit_distance_other_experiment,run_6_repetition_0,DONE,7,200,46.88,29.236,2958.225,4.113
edit_distance_other_experiment,run_7_repetition_0,DONE,8,200,46.639,28.617,2974.84,4.096
edit_distance_other_experiment,run_8_repetition_0,DONE,9,200,46.415,28.922,2945.527,4.195
edit_distance_other_experiment,run_9_repetition_0,DONE,10,200,45.938,28.792,2951.771,4.219
fibonacci_mixed_experiment,run_0_repetition_0,DONE,1,200,358.323,7.13,2929.068,4.594
fibonacci_mixed_experiment,run_1_repetition_0,DONE,2,200,357.904,4.141,2939.655,4.1
fibonacci_mixed_experiment,run_2_repetition_0,DONE,3,200,362.184,8.784,2932.069,4.865
fibonacci_mixed_experiment,run_3_repetition_0,DONE,4,200,358.34,6.583,2935.939,4.095
fibonacci_mixed_experiment,run_4_repetition_0,DONE,5,200,358.759,6.663,2943.526,4.353
fibonacci_mixed_experiment,run_5_repetition_0,DONE,6,200,357.484,6.394,2930.204,4.161
fibonacci_mixed_experiment,run_6_repetition_0,DONE,7,200,359.16,6.803,2921.861,4.218
fibonacci_mixed_experiment,run_7_repetition_0,DONE,8,200,357.54,6.388,2914.784,4.122
fibonacci_mixed_experiment,run_8_repetition_0,DONE,9,200,357.871,6.57,2909.965,3.937
fibonacci_mixed_experiment,run_9_repetition_0,DONE,10,200,371.408,8.613,2923.25,4.899
matrix_chain_order_code_experiment,run_0_repetition_0,DONE,1,200,2289.885,6.973,2887.521,27.741
matrix_chain_order_code_experiment,run_1_repetition_0,DONE,2,200,2341.429,6.839,2887.281,27.274
matrix_chain_order_code_experiment,run_2_repetition_0,DONE,3,200,2287.902,6.64,2889.5,24.683
matrix_chain_order_code_experiment,run_3_repetition_0,DONE,4,200,2282.048,6.654,2885.273,27.235
matrix_chain_order_code_experiment,run_4_repetition_0,DONE,5,200,2313.09,6.501,2885.651,26.493
matrix_chain_order_code_experiment,run_5_repetition_0,DONE,6,200,2307.304,6.608,2888.943,25.484
matrix_chain_order_code_experiment,run_6_repetition_0,DONE,7,200,2282.883,7.307,2881.715,28.071
matrix_chain_order_code_experiment,run_7_repetition_0,DONE,8,200,2274.246,6.605,2879.603,27.404
matrix_chain_order_code_experiment,run_8_repetition_0,DONE,9,200,2275.578,6.164,2871.2,25.844
matrix_chain_order_code_experiment,run_9_repetition_0,DONE,10,200,2281.742,6.684,2878.436,26.786
dijkstra_native_experiment,run_0_repetition_0,DONE,1,200,1664.251,10.902,2886.842,45.687
dijkstra_native_experiment,run_1_repetition_0,DONE,2,200,1652.145,15.287,2901.146,43.035
dijkstra_native_experiment,run_2_repetition_0,DONE,3,200,1634.625,10.868,2893.938,39.312
dijkstra_native_experiment,run_3_repetition_0,DONE,4,200,1670.486,13.998,2908.592,41.7
dijkstra_native_experiment,run_4_repetition_0,DONE,5,200,1632.926,11.034,2894.273,37.973
dijkstra_native_experiment,run_5_repetition_0,DONE,6,200,1666.184,10.755,2884.32,39.704
dijkstra_native_experiment,run_6_repetition_0,DONE,7,200,1626.594,10.568,2882.98,37.685
dijkstra_native_experiment,run_7_repetition_0,DONE,8,200,1659.447,10.412,2896.967,39.178
dijkstra_native_experiment,run_8_repetition_0,DONE,9,200,1676.07,11.022,2897.926,38.722
dijkstra_native_experiment,run_9_repetition_0,DONE,10,200,1663.434,11.624,2893.908,41.0
edit_distance_code_experiment,run_0_repetition_0,DONE,1,200,1642.693,7.726,3229.957,42.783
edit_distance_code_experiment,run_1_repetition_0,DONE,2,200,1642.56,8.091,3303.952,40.566
edit_distance_code_experiment,run_2_repetition_0,DONE,3,200,1627.213,7.271,3370.794,39.755
edit_distance_code_experiment,run_3_repetition_0,DONE,4,200,1624.83,6.956,3268.499,39.541
edit_distance_code_experiment,run_4_repetition_0,DONE,5,200,1636.889,7.096,3183.011,39.944
edit_distance_code_experiment,run_5_repetition_0,DONE,6,200,1649.444,7.48,3215.339,40.109
edit_distance_code_experiment,run_6_repetition_0,DONE,7,200,1631.882,6.597,3286.554,39.844
edit_distance_code_experiment,run_7_repetition_0,DONE,8,200,1635.945,7.098,3413.814,38.116
edit_distance_code_experiment,run_8_repetition_0,DONE,9,200,1635.312,6.966,3531.167,39.099
edit_distance_code_experiment,run_9_repetition_0,DONE,10,200,1628.231,6.898,3402.514,38.33
edit_distance_code_native_experiment,run_0_repetition_0,DONE,1,200,18.284,21.172,2966.017,8.032
edit_distance_code_native_experiment,run_1_repetition_0,DONE,2,200,18.311,18.916,2955.702,7.669
edit_distance_code_native_experiment,run_2_repetition_0,DONE,3,200,18.476,20.223,2984.524,7.731
edit_distance_code_native_experiment,run_3_repetition_0,DONE,4,200,18.364,18.447,2985.31,7.676
edit_distance_code_native_experiment,run_4_repetition_0,DONE,5,200,18.325,18.797,2986.821,7.852
edit_distance_code_native_experiment,run_5_repetition_0,DONE,6,200,18.29,18.587,2981.793,7.752
edit_distance_code_native_experiment,run_6_repetition_0,DONE,7,200,18.327,20.556,2984.884,7.878
edit_distance_code_native_experiment,run_7_repetition_0,DONE,8,200,18.317,21.206,3002.113,8.428
edit_distance_code_native_experiment,run_8_repetition_0,DONE,9,200,18.291,32.52,2999.234,7.954
edit_distance_code_native_experiment,run_9_repetition_0,DONE,10,200,18.345,20.79,2995.041,7.874
matrix_chain_multiplication_object_experiment,run_0_repetition_0,DONE,1,200,15624.296,6.802,2985.752,337.754
matrix_chain_multiplication_object_experiment,run_1_repetition_0,DONE,2,200,15240.022,6.747,2929.265,334.826
matrix_chain_multiplication_object_experiment,run_2_repetition_0,DONE,3,200,15166.911,6.759,2935.764,337.182
matrix_chain_multiplication_object_experiment,run_3_repetition_0,DONE,4,200,14931.23,6.776,2934.139,335.357
matrix_chain_multiplication_object_experiment,run_4_repetition_0,DONE,5,200,15336.375,6.791,2939.078,331.049
matrix_chain_multiplication_object_experiment,run_5_repetition_0,DONE,6,200,15143.176,6.768,2934.162,327.677
matrix_chain_multiplication_object_experiment,run_6_repetition_0,DONE,7,200,15303.003,6.696,2935.18,332.071
matrix_chain_multiplication_object_experiment,run_7_repetition_0,DONE,8,200,15078.482,7.135,2935.524,345.954
matrix_chain_multiplication_object_experiment,run_8_repetition_0,DONE,9,200,15302.243,6.869,2942.591,335.782
matrix_chain_multiplication_object_experiment,run_9_repetition_0,DONE,10,200,15270.949,6.797,2931.984,328.62
longest_common_subsequence_other_experiment,run_0_repetition_0,DONE,1,200,86.233,24.437,2943.108,5.921
longest_common_subsequence_other_experiment,run_1_repetition_0,DONE,2,200,86.419,24.868,2942.354,6.036
longest_common_subsequence_other_experiment,run_2_repetition_0,DONE,3,200,85.186,23.384,2947.485,5.725
longest_common_subsequence_other_experiment,run_3_repetition_0,DONE,4,200,85.712,21.199,2954.474,5.763
longest_common_subsequence_other_experiment,run_4_repetition_0,DONE,5,200,85.883,23.273,2954.422,5.786
longest_common_subsequence_other_experiment,run_5_repetition_0,DONE,6,200,85.168,23.112,2963.729,5.478
longest_common_subsequence_other_experiment,run_6_repetition_0,DONE,7,200,85.899,23.272,2957.363,5.492
longest_common_subsequence_other_experiment,run_7_repetition_0,DONE,8,200,85.56,22.908,2940.189,5.506
longest_common_subsequence_other_experiment,run_8_repetition_0,DONE,9,200,85.545,40.621,2939.198,5.553
longest_common_subsequence_other_experiment,run_9_repetition_0,DONE,10,200,86.315,40.671,2933.992,5.71
knapsack_code_experiment,run_0_repetition_0,DONE,1,200,848.452,7.528,3251.137,15.134
knapsack_code_experiment,run_1_repetition_0,DONE,2,200,840.152,7.881,3227.53,13.875
knapsack_code_experiment,run_2_repetition_0,DONE,3,200,828.304,7.136,3297.189,12.052
knapsack_code_experiment,run_3_repetition_0,DONE,4,200,826.654,6.332,3270.316,11.168
knapsack_code_experiment,run_4_repetition_0,DONE,5,200,834.711,6.083,3335.771,12.617
knapsack_code_experiment,run_5_repetition_0,DONE,6,200,831.075,6.962,3358.97,11.772
knapsack_code_experiment,run_6_repetition_0,DONE,7,200,827.545,6.795,3342.086,11.708
knapsack_code_experiment,run_7_repetition_0,DONE,8,200,839.789,5.506,3270.942,12.255
knapsack_code_experiment,run_8_repetition_0,DONE,9,200,841.661,7.439,3258.33,12.666
knapsack_code_experiment,run_9_repetition_0,DONE,10,200,835.862,5.638,3296.086,12.342
floyd_native_function_experiment,run_0_repetition_0,DONE,1,200,0.009,30.118,2931.758,10.35
floyd_native_function_experiment,run_1_repetition_0,DONE,2,200,0.008,17.826,2956.319,9.184
floyd_native_function_experiment,run_2_repetition_0,DONE,3,200,0.008,17.614,2990.446,9.263
floyd_native_function_experiment,run_3_repetition_0,DONE,4,200,0.008,28.683,2992.833,9.086
floyd_native_function_experiment,run_4_repetition_0,DONE,5,200,0.008,17.975,3012.305,9.265
floyd_native_function_experiment,run_5_repetition_0,DONE,6,200,0.039,17.974,2961.67,9.417
floyd_native_function_experiment,run_6_repetition_0,DONE,7,200,0.008,17.71,2952.62,9.464
floyd_native_function_experiment,run_7_repetition_0,DONE,8,200,0.009,18.786,2949.236,9.587
floyd_native_function_experiment,run_8_repetition_0,DONE,9,200,0.008,17.642,2952.453,9.216
floyd_native_function_experiment,run_9_repetition_0,DONE,10,200,0.01,18.463,2959.917,9.125
rod_cutting_origin_experiment,run_0_repetition_0,DONE,1,200,3691.707,7.215,2933.884,46.761
rod_cutting_origin_experiment,run_1_repetition_0,DONE,2,200,3826.097,6.705,2898.082,42.762
rod_cutting_origin_experiment,run_2_repetition_0,DONE,3,200,3707.331,7.327,2899.103,44.763
rod_cutting_origin_experiment,run_3_repetition_0,DONE,4,200,3678.198,6.986,2908.93,43.197
rod_cutting_origin_experiment,run_4_repetition_0,DONE,5,200,3716.829,6.903,2912.167,42.982
rod_cutting_origin_experiment,run_5_repetition_0,DONE,6,200,3699.282,6.712,2916.288,43.161
rod_cutting_origin_experiment,run_6_repetition_0,DONE,7,200,3710.505,6.919,2907.931,44.066
rod_cutting_origin_experiment,run_7_repetition_0,DONE,8,200,3693.642,7.046,2916.992,43.305
rod_cutting_origin_experiment,run_8_repetition_0,DONE,9,200,3689.449,6.698,2906.341,42.327
rod_cutting_origin_experiment,run_9_repetition_0,DONE,10,200,3690.005,6.788,2903.184,43.439
knapsack_origin_experiment,run_0_repetition_0,DONE,1,200,2692.051,7.965,3131.727,35.926
knapsack_origin_experiment,run_1_repetition_0,DONE,2,200,2675.497,7.158,3087.924,32.38
knapsack_origin_experiment,run_2_repetition_0,DONE,3,200,2675.86,6.939,3079.176,33.001
knapsack_origin_experiment,run_3_repetition_0,DONE,4,200,2685.554,7.361,3190.442,32.319
knapsack_origin_experiment,run_4_repetition_0,DONE,5,200,2676.933,6.445,3142.259,32.611
knapsack_origin_experiment,run_5_repetition_0,DONE,6,200,2676.755,6.481,3099.565,32.336
knapsack_origin_experiment,run_6_repetition_0,DONE,7,200,2684.509,7.028,3157.86,35.44
knapsack_origin_experiment,run_7_repetition_0,DONE,8,200,2696.394,8.06,3132.96,36.272
knapsack_origin_experiment,run_8_repetition_0,DONE,9,200,2670.148,6.993,3113.582,34.606
knapsack_origin_experiment,run_9_repetition_0,DONE,10,200,2695.863,7.011,3187.71,36.203
matrix_chain_order_mixed_experiment,run_0_repetition_0,DONE,1,200,1006.959,13.91,2949.947,21.537
matrix_chain_order_mixed_experiment,run_1_repetition_0,DONE,2,200,1050.84,13.146,2979.604,19.494
matrix_chain_order_mixed_experiment,run_2_repetition_0,DONE,3,200,1007.577,13.158,3022.352,18.89
matrix_chain_order_mixed_experiment,run_3_repetition_0,DONE,4,200,1021.45,13.323,2990.056,18.525
matrix_chain_order_mixed_experiment,run_4_repetition_0,DONE,5,200,1016.581,14.16,2969.262,19.434
matrix_chain_order_mixed_experiment,run_5_repetition_0,DONE,6,200,1000.179,13.529,2947.271,19.815
matrix_chain_order_mixed_experiment,run_6_repetition_0,DONE,7,200,1020.232,12.944,2946.045,18.821
matrix_chain_order_mixed_experiment,run_7_repetition_0,DONE,8,200,1017.945,13.579,2958.266,18.137
matrix_chain_order_mixed_experiment,run_8_repetition_0,DONE,9,200,1025.436,14.728,3004.834,19.377
matrix_chain_order_mixed_experiment,run_9_repetition_0,DONE,10,200,1002.317,13.543,2979.237,18.647
rod_cutting_code_experiment,run_0_repetition_0,DONE,1,200,3711.368,7.374,2912.8,42.949
rod_cutting_code_experiment,run_1_repetition_0,DONE,2,200,3673.743,7.622,2914.668,44.772
rod_cutting_code_experiment,run_2_repetition_0,DONE,3,200,3668.28,6.801,2909.1,43.599
rod_cutting_code_experiment,run_3_repetition_0,DONE,4,200,3670.386,6.761,2907.109,43.052
rod_cutting_code_experiment,run_4_repetition_0,DONE,5,200,3726.928,6.892,2912.751,40.804
rod_cutting_code_experiment,run_5_repetition_0,DONE,6,200,3691.936,6.846,2926.769,44.255
rod_cutting_code_experiment,run_6_repetition_0,DONE,7,200,3666.204,6.321,2922.759,44.901
rod_cutting_code_experiment,run_7_repetition_0,DONE,8,200,3684.909,7.151,2911.432,44.48
rod_cutting_code_experiment,run_8_repetition_0,DONE,9,200,3697.904,6.847,2918.433,41.808
rod_cutting_code_experiment,run_9_repetition_0,DONE,10,200,3704.014,6.912,2911.512,42.19
knapsack_code_native_experiment,run_0_repetition_0,DONE,1,200,15.296,22.467,2931.198,8.698
knapsack_code_native_experiment,run_1_repetition_0,DONE,2,200,15.37,21.092,2950.368,8.233
knapsack_code_native_experiment,run_2_repetition_0,DONE,3,200,15.244,33.368,2952.447,8.368
knapsack_code_native_experiment,run_3_repetition_0,DONE,4,200,16.309,20.822,2953.834,8.179
knapsack_code_native_experiment,run_4_repetition_0,DONE,5,200,15.329,34.526,2958.134,8.119
knapsack_code_native_experiment,run_5_repetition_0,DONE,6,200,15.312,20.778,2982.841,7.759
knapsack_code_native_experiment,run_6_repetition_0,DONE,7,200,15.452,21.015,2982.721,8.201
knapsack_code_native_experiment,run_7_repetition_0,DONE,8,200,15.785,18.605,2972.027,7.746
knapsack_code_native_experiment,run_8_repetition_0,DONE,9,200,15.8,33.893,3000.208,8.112
knapsack_code_native_experiment,run_9_repetition_0,DONE,10,200,15.349,34.329,3006.475,8.129
edit_distance_native_function_experiment,run_0_repetition_0,DONE,1,200,0.009,21.112,2982.998,8.214
edit_distance_native_function_experiment,run_1_repetition_0,DONE,2,200,0.009,17.979,3028.385,7.698
edit_distance_native_function_experiment,run_2_repetition_0,DONE,3,200,0.008,20.527,3097.944,7.719
edit_distance_native_function_experiment,run_3_repetition_0,DONE,4,200,0.012,19.298,3067.466,7.866
edit_distance_native_function_experiment,run_4_repetition_0,DONE,5,200,0.01,20.41,3033.049,7.934
edit_distance_native_function_experiment,run_5_repetition_0,DONE,6,200,0.01,20.25,3075.879,7.798
edit_distance_native_function_experiment,run_6_repetition_0,DONE,7,200,0.009,20.181,3073.138,7.84
edit_distance_native_function_experiment,run_7_repetition_0,DONE,8,200,0.008,33.762,3151.774,7.639
edit_distance_native_function_experiment,run_8_repetition_0,DONE,9,200,0.008,19.916,3138.569,7.505
edit_distance_native_function_experiment,run_9_repetition_0,DONE,10,200,0.009,33.984,3141.206,7.769
dijkstra_mixed_experiment,run_0_repetition_0,DONE,1,200,45.566,6.976,2828.562,1.621
dijkstra_mixed_experiment,run_1_repetition_0,DONE,2,200,46.834,6.472,2832.483,1.682
dijkstra_mixed_experiment,run_2_repetition_0,DONE,3,200,47.677,6.319,2832.969,1.536
dijkstra_mixed_experiment,run_3_repetition_0,DONE,4,200,45.232,6.26,2832.44,1.75
dijkstra_mixed_experiment,run_4_repetition_0,DONE,5,200,44.654,5.821,2830.695,1.402
dijkstra_mixed_experiment,run_5_repetition_0,DONE,6,200,47.648,3.713,2845.48,1.517
dijkstra_mixed_experiment,run_6_repetition_0,DONE,7,200,45.245,5.889,2842.957,1.553
dijkstra_mixed_experiment,run_7_repetition_0,DONE,8,200,46.054,6.76,2843.651,1.921
dijkstra_mixed_experiment,run_8_repetition_0,DONE,9,200,44.553,6.371,2845.995,1.42
dijkstra_mixed_experiment,run_9_repetition_0,DONE,10,200,45.151,5.843,2839.366,1.601
dijkstra_code_experiment,run_0_repetition_0,DONE,1,200,70.497,8.221,2840.376,2.364
dijkstra_code_experiment,run_1_repetition_0,DONE,2,200,71.559,7.636,2834.828,2.325
dijkstra_code_experiment,run_2_repetition_0,DONE,3,200,70.92,6.824,2833.454,2.233
dijkstra_code_experiment,run_3_repetition_0,DONE,4,200,69.655,7.053,2845.328,2.311
dijkstra_code_experiment,run_4_repetition_0,DONE,5,200,74.143,7.7,2848.329,2.53
dijkstra_code_experiment,run_5_repetition_0,DONE,6,200,70.823,6.998,2842.845,2.129
dijkstra_code_experiment,run_6_repetition_0,DONE,7,200,71.49,7.242,2842.483,2.083
dijkstra_code_experiment,run_7_repetition_0,DONE,8,200,72.557,4.745,2836.021,2.405
dijkstra_code_experiment,run_8_repetition_0,DONE,9,200,70.501,5.255,2834.435,2.392
dijkstra_code_experiment,run_9_repetition_0,DONE,10,200,70.419,7.28,2841.928,2.448
edit_distance_function_experiment,run_0_repetition_0,DONE,1,200,1659.395,8.209,3327.057,23.562
edit_distance_function_experiment,run_1_repetition_0,DONE,2,200,1656.432,6.643,3257.072,19.546
edit_distance_function_experiment,run_2_repetition_0,DONE,3,200,1658.84,6.866,3211.615,19.2
edit_distance_function_experiment,run_3_repetition_0,DONE,4,200,1707.456,7.917,3195.287,20.976
edit_distance_function_experiment,run_4_repetition_0,DONE,5,200,1676.672,5.979,3305.971,19.317
edit_distance_function_experiment,run_5_repetition_0,DONE,6,200,1637.044,6.885,3404.428,19.399
edit_distance_function_experiment,run_6_repetition_0,DONE,7,200,1641.838,7.027,3476.583,20.024
edit_distance_function_experiment,run_7_repetition_0,DONE,8,200,1669.031,9.533,3419.572,24.572
edit_distance_function_experiment,run_8_repetition_0,DONE,9,200,1672.06,6.791,3462.021,20.605
edit_distance_function_experiment,run_9_repetition_0,DONE,10,200,1643.592,7.137,3402.993,19.513
edit_distance_object_experiment,run_0_repetition_0,DONE,1,200,1604.17,8.328,3025.518,21.959
edit_distance_object_experiment,run_1_repetition_0,DONE,2,200,1602.171,6.01,2980.005,20.308
edit_distance_object_experiment,run_2_repetition_0,DONE,3,200,1561.379,6.776,2947.845,18.483
edit_distance_object_experiment,run_3_repetition_0,DONE,4,200,1586.199,7.998,2952.169,21.537
edit_distance_object_experiment,run_4_repetition_0,DONE,5,200,1558.976,6.596,2938.16,18.558
edit_distance_object_experiment,run_5_repetition_0,DONE,6,200,1567.627,6.793,2939.101,18.474
edit_distance_object_experiment,run_6_repetition_0,DONE,7,200,1574.511,6.823,2926.281,19.069
edit_distance_object_experiment,run_7_repetition_0,DONE,8,200,1565.049,6.514,2928.805,18.275
edit_distance_object_experiment,run_8_repetition_0,DONE,9,200,1576.688,6.97,2922.956,19.196
edit_distance_object_experiment,run_9_repetition_0,DONE,10,200,1713.905,6.609,2919.261,20.493
dijkstra_function_experiment,run_0_repetition_0,DONE,1,200,55.529,5.154,2824.404,2.204
dijkstra_function_experiment,run_1_repetition_0,DONE,2,200,53.538,6.58,2830.035,1.617
dijkstra_function_experiment,run_2_repetition_0,DONE,3,200,56.389,3.894,2847.421,1.542
dijkstra_function_experiment,run_3_repetition_0,DONE,4,200,54.694,6.055,2845.41,1.724
dijkstra_function_experiment,run_4_repetition_0,DONE,5,200,61.761,4.657,2847.174,1.543
dijkstra_function_experiment,run_5_repetition_0,DONE,6,200,54.077,5.71,2839.674,1.512
dijkstra_function_experiment,run_6_repetition_0,DONE,7,200,56.395,6.131,2834.555,1.572
dijkstra_function_experiment,run_7_repetition_0,DONE,8,200,55.808,4.162,2840.823,1.923
dijkstra_function_experiment,run_8_repetition_0,DONE,9,200,55.143,6.428,2866.629,1.694
dijkstra_function_experiment,run_9_repetition_0,DONE,10,200,56.091,6.346,2863.422,1.518
knapsack_object_experiment,run_0_repetition_0,DONE,1,200,600.89,6.118,2941.876,8.916
knapsack_object_experiment,run_1_repetition_0,DONE,2,200,597.007,6.716,2926.401,8.024
knapsack_object_experiment,run_2_repetition_0,DONE,3,200,613.209,6.601,2906.018,8.064
knapsack_object_experiment,run_3_repetition_0,DONE,4,200,588.801,6.623,2909.966,7.254
knapsack_object_experiment,run_4_repetition_0,DONE,5,200,600.441,6.159,2902.519,8.015
knapsack_object_experiment,run_5_repetition_0,DONE,6,200,591.177,7.168,2885.667,8.309
knapsack_object_experiment,run_6_repetition_0,DONE,7,200,599.495,6.838,2890.938,8.318
knapsack_object_experiment,run_7_repetition_0,DONE,8,200,606.158,5.594,2898.343,8.292
knapsack_object_experiment,run_8_repetition_0,DONE,9,200,587.769,6.959,2898.455,7.925
knapsack_object_experiment,run_9_repetition_0,DONE,10,200,594.262,7.2,2901.141,8.495
levenshtein_distance_code_experiment,run_0_repetition_0,DONE,1,200,3959.791,7.328,2936.537,87.795
levenshtein_distance_code_experiment,run_1_repetition_0,DONE,2,200,3871.525,7.191,2936.052,86.821
levenshtein_distance_code_experiment,run_2_repetition_0,DONE,3,200,3854.696,7.044,2926.924,92.67
levenshtein_distance_code_experiment,run_3_repetition_0,DONE,4,200,3926.482,6.695,2935.668,94.111
levenshtein_distance_code_experiment,run_4_repetition_0,DONE,5,200,3911.813,7.037,2929.127,85.877
levenshtein_distance_code_experiment,run_5_repetition_0,DONE,6,200,3985.211,6.947,2930.353,89.802
levenshtein_distance_code_experiment,run_6_repetition_0,DONE,7,200,3864.432,7.1,2933.118,92.739
levenshtein_distance_code_experiment,run_7_repetition_0,DONE,8,200,3837.974,7.035,2936.266,92.389
levenshtein_distance_code_experiment,run_8_repetition_0,DONE,9,200,3825.448,7.078,2924.981,93.068
levenshtein_distance_code_experiment,run_9_repetition_0,DONE,10,200,3858.579,6.979,2926.505,92.572
knapsack_mixed_experiment,run_0_repetition_0,DONE,1,200,17.151,21.086,2965.801,8.19
knapsack_mixed_experiment,run_1_repetition_0,DONE,2,200,15.314,32.546,2979.133,8.321
knapsack_mixed_experiment,run_2_repetition_0,DONE,3,200,15.366,33.747,2969.147,7.981
knapsack_mixed_experiment,run_3_repetition_0,DONE,4,200,15.312,20.771,2949.175,8.204
knapsack_mixed_experiment,run_4_repetition_0,DONE,5,200,15.358,18.673,2933.148,7.841
knapsack_mixed_experiment,run_5_repetition_0,DONE,6,200,15.24,21.418,2943.242,8.58
knapsack_mixed_experiment,run_6_repetition_0,DONE,7,200,15.348,20.551,2949.759,8.455
knapsack_mixed_experiment,run_7_repetition_0,DONE,8,200,15.283,21.452,2962.868,8.503
knapsack_mixed_experiment,run_8_repetition_0,DONE,9,200,15.275,20.182,2977.005,7.827
knapsack_mixed_experiment,run_9_repetition_0,DONE,10,200,15.246,19.146,2954.996,8.0
rod_cutting_other_experiment,run_0_repetition_0,DONE,1,200,1386.976,14.987,2936.02,17.389
rod_cutting_other_experiment,run_1_repetition_0,DONE,2,200,1294.031,12.753,2947.322,16.33
rod_cutting_other_experiment,run_2_repetition_0,DONE,3,200,1286.905,12.947,2955.225,15.318
rod_cutting_other_experiment,run_3_repetition_0,DONE,4,200,1284.549,13.699,2949.984,15.074
rod_cutting_other_experiment,run_4_repetition_0,DONE,5,200,1318.284,13.332,2933.953,14.695
rod_cutting_other_experiment,run_5_repetition_0,DONE,6,200,1309.57,13.588,2942.529,16.187
rod_cutting_other_experiment,run_6_repetition_0,DONE,7,200,1314.956,13.574,2940.744,14.817
rod_cutting_other_experiment,run_7_repetition_0,DONE,8,200,1315.608,20.449,2945.536,14.711
rod_cutting_other_experiment,run_8_repetition_0,DONE,9,200,1307.693,13.407,2936.43,14.935
rod_cutting_other_experiment,run_9_repetition_0,DONE,10,200,1311.936,20.238,2941.234,14.62
floyd_code_native_experiment,run_0_repetition_0,DONE,1,200,101.918,19.364,2929.609,10.843
floyd_code_native_experiment,run_1_repetition_0,DONE,2,200,102.976,18.056,2952.533,10.037
floyd_code_native_experiment,run_2_repetition_0,DONE,3,200,102.295,18.667,2978.675,9.947
floyd_code_native_experiment,run_3_repetition_0,DONE,4,200,103.779,17.787,2965.833,9.89
floyd_code_native_experiment,run_4_repetition_0,DONE,5,200,102.412,18.009,2945.688,10.111
floyd_code_native_experiment,run_5_repetition_0,DONE,6,200,102.019,18.185,2939.885,9.971
floyd_code_native_experiment,run_6_repetition_0,DONE,7,200,102.031,29.431,2923.803,10.281
floyd_code_native_experiment,run_7_repetition_0,DONE,8,200,101.951,18.521,2917.304,9.661
floyd_code_native_experiment,run_8_repetition_0,DONE,9,200,102.03,18.421,2921.865,10.247
floyd_code_native_experiment,run_9_repetition_0,DONE,10,200,101.958,18.204,2902.29,9.715
levenshtein_distance_mixed_experiment,run_0_repetition_0,DONE,1,200,51.159,19.009,2970.884,10.474
levenshtein_distance_mixed_experiment,run_1_repetition_0,DONE,2,200,51.211,19.453,2987.784,9.502
levenshtein_distance_mixed_experiment,run_2_repetition_0,DONE,3,200,51.531,18.136,2980.753,9.819
levenshtein_distance_mixed_experiment,run_3_repetition_0,DONE,4,200,51.212,18.509,3011.102,9.042
levenshtein_distance_mixed_experiment,run_4_repetition_0,DONE,5,200,51.222,18.287,3004.076,9.533
levenshtein_distance_mixed_experiment,run_5_repetition_0,DONE,6,200,51.251,18.783,3045.684,9.02
levenshtein_distance_mixed_experiment,run_6_repetition_0,DONE,7,200,51.233,17.828,3030.292,8.86
levenshtein_distance_mixed_experiment,run_7_repetition_0,DONE,8,200,51.109,19.261,3035.822,9.132
levenshtein_distance_mixed_experiment,run_8_repetition_0,DONE,9,200,51.257,19.001,3013.61,8.922
levenshtein_distance_mixed_experiment,run_9_repetition_0,DONE,10,200,51.174,28.808,3009.146,8.733
edit_distance_mixed_experiment,run_0_repetition_0,DONE,1,200,182.622,18.092,3004.162,12.625
edit_distance_mixed_experiment,run_1_repetition_0,DONE,2,200,170.735,16.439,3021.849,10.804
edit_distance_mixed_experiment,run_2_repetition_0,DONE,3,200,181.848,16.703,3025.869,11.334
edit_distance_mixed_experiment,run_3_repetition_0,DONE,4,200,180.941,16.61,3054.791,11.045
edit_distance_mixed_experiment,run_4_repetition_0,DONE,5,200,176.884,26.311,3058.395,11.416
edit_distance_mixed_experiment,run_5_repetition_0,DONE,6,200,181.491,26.412,3000.845,11.168
edit_distance_mixed_experiment,run_6_repetition_0,DONE,7,200,182.371,17.072,2984.69,11.936
edit_distance_mixed_experiment,run_7_repetition_0,DONE,8,200,171.369,15.247,2984.981,11.399
edit_distance_mixed_experiment,run_8_repetition_0,DONE,9,200,175.967,16.817,2950.526,11.495
edit_distance_mixed_experiment,run_9_repetition_0,DONE,10,200,181.783,16.006,2948.049,11.007
fibonacci_code_native_experiment,run_0_repetition_0,DONE,1,200,0.055,21.702,2959.44,8.556
fibonacci_code_native_experiment,run_1_repetition_0,DONE,2,200,0.041,34.085,2950.255,8.052
fibonacci_code_native_experiment,run_2_repetition_0,DONE,3,200,0.041,32.157,2948.473,7.875
fibonacci_code_native_experiment,run_3_repetition_0,DONE,4,200,0.041,20.258,2934.004,7.911
fibonacci_code_native_experiment,run_4_repetition_0,DONE,5,200,0.041,19.311,2963.12,8.049
fibonacci_code_native_experiment,run_5_repetition_0,DONE,6,200,0.042,20.484,3007.22,7.941
fibonacci_code_native_experiment,run_6_repetition_0,DONE,7,200,0.041,20.985,3035.764,8.073
fibonacci_code_native_experiment,run_7_repetition_0,DONE,8,200,0.041,20.363,3001.563,8.911
fibonacci_code_native_experiment,run_8_repetition_0,DONE,9,200,0.042,34.201,3000.983,8.203
fibonacci_code_native_experiment,run_9_repetition_0,DONE,10,200,0.042,34.403,3016.405,8.34
levenshtein_distance_other_experiment,run_0_repetition_0,DONE,1,200,92.583,41.33,2941.183,7.383
levenshtein_distance_other_experiment,run_1_repetition_0,DONE,2,200,91.462,23.495,2950.319,6.82
levenshtein_distance_other_experiment,run_2_repetition_0,DONE,3,200,90.204,23.877,2943.928,6.649
levenshtein_distance_other_experiment,run_3_repetition_0,DONE,4,200,89.906,23.797,2951.34,6.695
levenshtein_distance_other_experiment,run_4_repetition_0,DONE,5,200,96.041,23.15,2943.268,6.629
levenshtein_distance_other_experiment,run_5_repetition_0,DONE,6,200,90.294,23.73,2955.393,6.966
levenshtein_distance_other_experiment,run_6_repetition_0,DONE,7,200,96.825,23.543,2952.347,6.633
levenshtein_distance_other_experiment,run_7_repetition_0,DONE,8,200,89.536,23.501,2971.104,6.412
levenshtein_distance_other_experiment,run_8_repetition_0,DONE,9,200,89.118,23.45,2959.587,6.379
levenshtein_distance_other_experiment,run_9_repetition_0,DONE,10,200,90.175,21.571,2944.488,6.309
matrix_chain_multiplication_native_experiment,run_0_repetition_0,DONE,1,200,113.194,16.626,2993.878,9.965
matrix_chain_multiplication_native_experiment,run_1_repetition_0,DONE,2,200,112.036,18.043,3010.969,10.472
matrix_chain_multiplication_native_experiment,run_2_repetition_0,DONE,3,200,112.569,19.104,3031.091,10.589
matrix_chain_multiplication_native_experiment,run_3_repetition_0,DONE,4,200,110.249,18.396,3065.757,10.784
matrix_chain_multiplication_native_experiment,run_4_repetition_0,DONE,5,200,110.435,18.593,3063.247,10.996
matrix_chain_multiplication_native_experiment,run_5_repetition_0,DONE,6,200,110.459,29.242,3016.682,10.747
matrix_chain_multiplication_native_experiment,run_6_repetition_0,DONE,7,200,111.278,29.864,3054.484,10.385
matrix_chain_multiplication_native_experiment,run_7_repetition_0,DONE,8,200,110.265,29.495,3037.046,10.533
matrix_chain_multiplication_native_experiment,run_8_repetition_0,DONE,9,200,111.875,27.895,3020.15,10.694
matrix_chain_multiplication_native_experiment,run_9_repetition_0,DONE,10,200,112.444,17.952,3057.658,10.512
longest_common_subsequence_origin_experiment,run_0_repetition_0,DONE,1,200,2505.756,7.38,3285.761,68.549
longest_common_subsequence_origin_experiment,run_1_repetition_0,DONE,2,200,2503.772,7.425,3341.118,66.381
longest_common_subsequence_origin_experiment,run_2_repetition_0,DONE,3,200,2537.009,7.125,3350.315,65.034
longest_common_subsequence_origin_experiment,run_3_repetition_0,DONE,4,200,2526.89,7.139,3373.723,64.443
longest_common_subsequence_origin_experiment,run_4_repetition_0,DONE,5,200,2510.993,7.117,3330.687,64.102
longest_common_subsequence_origin_experiment,run_5_repetition_0,DONE,6,200,2472.613,6.937,3324.443,64.603
longest_common_subsequence_origin_experiment,run_6_repetition_0,DONE,7,200,2503.92,7.105,3371.166,64.839
longest_common_subsequence_origin_experiment,run_7_repetition_0,DONE,8,200,2536.295,7.154,3325.672,64.79
longest_common_subsequence_origin_experiment,run_8_repetition_0,DONE,9,200,2542.347,7.475,3326.335,65.388
longest_common_subsequence_origin_experiment,run_9_repetition_0,DONE,10,200,2478.858,7.41,3338.726,66.132
floyd_object_experiment,run_0_repetition_0,DONE,1,200,5879.939,7.581,2925.626,70.518
floyd_object_experiment,run_1_repetition_0,DONE,2,200,5937.523,7.029,2901.083,66.731
floyd_object_experiment,run_2_repetition_0,DONE,3,200,5944.903,6.998,2893.108,67.006
floyd_object_experiment,run_3_repetition_0,DONE,4,200,5885.561,6.94,2887.724,69.299
floyd_object_experiment,run_4_repetition_0,DONE,5,200,5942.719,7.3,2883.291,67.72
floyd_object_experiment,run_5_repetition_0,DONE,6,200,5935.352,7.2,2882.605,68.055
floyd_object_experiment,run_6_repetition_0,DONE,7,200,5913.358,7.108,2890.227,68.813
floyd_object_experiment,run_7_repetition_0,DONE,8,200,5908.442,7.176,2889.125,68.6
floyd_object_experiment,run_8_repetition_0,DONE,9,200,5914.932,6.957,2886.939,67.773
floyd_object_experiment,run_9_repetition_0,DONE,10,200,5907.024,7.251,2887.361,70.041
floyd_function_experiment,run_0_repetition_0,DONE,1,200,5914.922,7.408,2886.511,68.698
floyd_function_experiment,run_1_repetition_0,DONE,2,200,5940.507,7.197,2897.621,70.829
floyd_function_experiment,run_2_repetition_0,DONE,3,200,5877.982,6.617,2878.471,67.774
floyd_function_experiment,run_3_repetition_0,DONE,4,200,6077.011,7.153,2881.4,69.698
floyd_function_experiment,run_4_repetition_0,DONE,5,200,5899.206,7.359,2881.945,67.512
floyd_function_experiment,run_5_repetition_0,DONE,6,200,5882.271,6.916,2875.102,66.063
floyd_function_experiment,run_6_repetition_0,DONE,7,200,5882.545,6.578,2880.527,67.264
floyd_function_experiment,run_7_repetition_0,DONE,8,200,5882.55,6.889,2866.6,66.07
floyd_function_experiment,run_8_repetition_0,DONE,9,200,5879.566,6.874,2873.068,67.481
floyd_function_experiment,run_9_repetition_0,DONE,10,200,5865.035,6.992,2876.275,67.171
knapsack_function_experiment,run_0_repetition_0,DONE,1,200,900.202,6.356,3161.272,11.719
knapsack_function_experiment,run_1_repetition_0,DONE,2,200,898.696,7.338,3184.363,10.841
knapsack_function_experiment,run_2_repetition_0,DONE,3,200,890.789,6.692,3205.142,10.602
knapsack_function_experiment,run_3_repetition_0,DONE,4,200,897.966,6.727,3147.761,10.554
knapsack_function_experiment,run_4_repetition_0,DONE,5,200,902.0,6.873,3091.194,10.642
knapsack_function_experiment,run_5_repetition_0,DONE,6,200,893.335,6.754,3181.957,10.989
knapsack_function_experiment,run_6_repetition_0,DONE,7,200,888.564,7.246,3171.019,10.798
knapsack_function_experiment,run_7_repetition_0,DONE,8,200,892.81,6.653,3159.564,10.706
knapsack_function_experiment,run_8_repetition_0,DONE,9,200,888.708,6.672,3145.636,10.732
knapsack_function_experiment,run_9_repetition_0,DONE,10,200,893.206,7.159,3138.926,10.657
edit_distance_native_experiment,run_0_repetition_0,DONE,1,200,170.527,17.728,3264.427,12.964
edit_distance_native_experiment,run_1_repetition_0,DONE,2,200,190.019,17.167,3268.595,11.736
edit_distance_native_experiment,run_2_repetition_0,DONE,3,200,190.421,26.846,3219.081,11.741
edit_distance_native_experiment,run_3_repetition_0,DONE,4,200,189.317,16.817,3173.416,12.168
edit_distance_native_experiment,run_4_repetition_0,DONE,5,200,189.095,16.356,3186.062,11.398
edit_distance_native_experiment,run_5_repetition_0,DONE,6,200,189.051,15.161,3229.45,11.453
edit_distance_native_experiment,run_6_repetition_0,DONE,7,200,190.025,16.681,3207.789,11.571
edit_distance_native_experiment,run_7_repetition_0,DONE,8,200,189.137,17.065,3112.861,11.691
edit_distance_native_experiment,run_8_repetition_0,DONE,9,200,189.122,26.044,3130.31,11.284
edit_distance_native_experiment,run_9_repetition_0,DONE,10,200,191.77,26.711,3111.27,11.613
